alternation_class,accuracy,baseline_accuracy,mcc
2object,0.9573643410852714,0.8565891472868217,0.8213883902867868
