alternation_class,accuracy,baseline_accuracy,mcc
dat_both,0.9592760180995475,0.9072398190045249,0.7399750365115708
dative_to,0.9819004524886877,0.9457013574660633,0.8124643386320337
dat_do,0.995475113122172,0.9253393665158371,0.9672519819219085
