alternation_class,accuracy,baseline_accuracy,mcc
inchoative,0.8940092165898618,0.663594470046083,0.7653453090318671
