alternation_class,accuracy,baseline_accuracy,mcc
inch,0.9112903225806451,0.5887096774193549,0.816385435796664
non_inch,0.9112903225806451,0.5887096774193549,0.816385435796664
