alternation_class,accuracy,baseline_accuracy,mcc
locative,0.9037900874635568,0.749271137026239,0.7394656429503176
