alternation_class,accuracy,baseline_accuracy,mcc
preposition,0.9615384615384616,0.8529411764705882,0.8399323973045159
