alternation_class,accuracy,baseline_accuracy,mcc
Refl,0.9701789264413518,0.8330019880715706,0.8901204388565126
