alternation_class,accuracy,baseline_accuracy,mcc
sl,0.9271137026239067,0.9154518950437318,0.4610331717141761
sl_noloc,0.9358600583090378,0.7900874635568513,0.8066318163181632
sl_nowith,0.9416909620991254,0.8338192419825073,0.7842497029978567
