alternation_class,accuracy,baseline_accuracy,mcc
there,0.9194630872483222,0.6644295302013423,0.8193939393939393
non_there,0.9194630872483222,0.6644295302013423,0.8193939393939393
