alternation_class,accuracy,baseline_accuracy,mcc
There,0.9504132231404959,0.7933884297520661,0.8441000890400736
