alternation_class,accuracy,baseline_accuracy,mcc
with,0.9329446064139941,0.7055393586005831,0.8367867767817175
