alternation_class,accuracy,baseline_accuracy,mcc
2object,0.9554263565891473,0.8565891472868217,0.813996322826099
