alternation_class,accuracy,baseline_accuracy,mcc
2object,0.9612403100775194,0.8565891472868217,0.8377350583440215
