alternation_class,accuracy,baseline_accuracy,mcc
dat_both,0.9592760180995475,0.9072398190045249,0.7342189010367594
dative_to,0.9773755656108597,0.9457013574660633,0.7588485991992135
dat_do,0.9932126696832579,0.9253393665158371,0.9503151131019459
