alternation_class,accuracy,baseline_accuracy,mcc
inchoative,0.9815668202764977,0.663594470046083,0.9591924960031258
