alternation_class,accuracy,baseline_accuracy,mcc
inchoative,0.8847926267281107,0.663594470046083,0.7472092068356663
