alternation_class,accuracy,baseline_accuracy,mcc
inch,0.9032258064516129,0.5887096774193549,0.7995898930398041
non_inch,0.9032258064516129,0.5887096774193549,0.7995898930398041
