alternation_class,accuracy,baseline_accuracy,mcc
locative,0.9154518950437318,0.749271137026239,0.7741247287999211
