alternation_class,accuracy,baseline_accuracy,mcc
Non-Refl,0.9902723735408561,0.9785992217898832,0.7349053669375499
