alternation_class,accuracy,baseline_accuracy,mcc
preposition,0.9638009049773756,0.8529411764705882,0.8498435435921672
