alternation_class,accuracy,baseline_accuracy,mcc
preposition,0.9592760180995475,0.8529411764705882,0.8325376032096938
