alternation_class,accuracy,baseline_accuracy,mcc
Refl,0.9801192842942346,0.8330019880715706,0.9275868479109439
