alternation_class,accuracy,baseline_accuracy,mcc
sl,0.9475218658892128,0.9154518950437318,0.606567881795646
sl_noloc,0.9300291545189504,0.7900874635568513,0.7913024048102579
sl_nowith,0.9533527696793003,0.8338192419825073,0.8260671121593581
