alternation_class,accuracy,baseline_accuracy,mcc
there,0.9463087248322147,0.6644295302013423,0.8787983862413301
non_there,0.9463087248322147,0.6644295302013423,0.8787983862413301
