alternation_class,accuracy,baseline_accuracy,mcc
There,0.9669421487603306,0.7933884297520661,0.8973045549642868
