alternation_class,accuracy,baseline_accuracy,mcc
with,0.9183673469387755,0.7055393586005831,0.804740094823355
