alternation_class,accuracy,baseline_accuracy,mcc
dat_both,0.9773755656108597,0.9072398190045249,0.8593368514697942
dative_to,0.9932126696832579,0.9457013574660633,0.9320755578844994
dat_do,0.995475113122172,0.9253393665158371,0.9668622856168436
