alternation_class,accuracy,baseline_accuracy,mcc
inch,0.9435483870967742,0.5887096774193549,0.8832051018288662
non_inch,0.9435483870967742,0.5887096774193549,0.8832051018288662
