alternation_class,accuracy,baseline_accuracy,mcc
inchoative,0.9400921658986175,0.663594470046083,0.8654117536065266
