alternation_class,accuracy,baseline_accuracy,mcc
locative,0.9358600583090378,0.749271137026239,0.827019533820657
