alternation_class,accuracy,baseline_accuracy,mcc
Non-Refl,0.9844357976653697,0.9785992217898832,0.5625860300714842
