alternation_class,accuracy,baseline_accuracy,mcc
preposition,0.9864253393665159,0.8529411764705882,0.9451224355243364
