alternation_class,accuracy,baseline_accuracy,mcc
refl_op,0.9864341085271318,0.9748062015503876,0.6804983341195927
refl_only,0.939922480620155,0.8333333333333334,0.7827295087237617
