alternation_class,accuracy,baseline_accuracy,mcc
sl,0.9475218658892128,0.9154518950437318,0.6217694962301706
sl_noloc,0.9620991253644315,0.7900874635568513,0.8877581164071228
sl_nowith,0.9591836734693877,0.8338192419825073,0.8492563845174953
