alternation_class,accuracy,baseline_accuracy,mcc
there,0.9731543624161074,0.6644295302013423,0.9397979797979797
non_there,0.9731543624161074,0.6644295302013423,0.9397979797979797
