alternation_class,accuracy,baseline_accuracy,mcc
with,0.956268221574344,0.7055393586005831,0.8940337204298785
