alternation_class,accuracy,baseline_accuracy,mcc
dat_both,0.9864253393665159,0.9072398190045249,0.91710080681154
dative_to,0.995475113122172,0.9457013574660633,0.9584676765970461
dat_do,0.995475113122172,0.9253393665158371,0.9668622856168436
