alternation_class,accuracy,baseline_accuracy,mcc
inch,0.9274193548387096,0.5887096774193549,0.8498608443557535
non_inch,0.9274193548387096,0.5887096774193549,0.8498608443557535
