alternation_class,accuracy,baseline_accuracy,mcc
inchoative,0.9170506912442397,0.663594470046083,0.8142123287671232
