alternation_class,accuracy,baseline_accuracy,mcc
locative,0.967930029154519,0.749271137026239,0.9150019823180927
