alternation_class,accuracy,baseline_accuracy,mcc
refl_op,0.9825581395348837,0.9748062015503876,0.5804022279606105
refl_only,0.9341085271317829,0.8333333333333334,0.7566827653247096
