alternation_class,accuracy,baseline_accuracy,mcc
sl,0.956268221574344,0.9154518950437318,0.6846394753029239
sl_noloc,0.9854227405247813,0.7900874635568513,0.9558647334757882
sl_nowith,0.9737609329446064,0.8338192419825073,0.9097059485004032
