alternation_class,accuracy,baseline_accuracy,mcc
there,0.9865771812080537,0.6644295302013423,0.9698989898989899
non_there,0.9865771812080537,0.6644295302013423,0.9698989898989899
