alternation_class,accuracy,baseline_accuracy,mcc
dat_both,0.9819004524886877,0.9072398190045249,0.8882188291406671
dative_to,0.9886877828054299,0.9457013574660633,0.887870348555647
dat_do,0.995475113122172,0.9253393665158371,0.9668622856168436
