alternation_class,accuracy,baseline_accuracy,mcc
inchoative,0.9216589861751152,0.663594470046083,0.8239834830279656
