alternation_class,accuracy,baseline_accuracy,mcc
Refl,0.9681908548707754,0.8330019880715706,0.8838254133793159
