alternation_class,accuracy,baseline_accuracy,mcc
sl,0.9620991253644315,0.9154518950437318,0.7331212037310468
sl_noloc,0.9825072886297376,0.7900874635568513,0.9468691683767492
sl_nowith,0.9795918367346939,0.8338192419825073,0.9269229356371232
