alternation_class,accuracy,baseline_accuracy,mcc
with,0.9825072886297376,0.7055393586005831,0.9579003354880943
