alternation_class,accuracy,baseline_accuracy,mcc
2object,0.9709302325581395,0.8565891472868217,0.878980016270559
