alternation_class,accuracy,baseline_accuracy,mcc
inchoative,0.9308755760368663,0.663594470046083,0.8457427813863703
