alternation_class,accuracy,baseline_accuracy,mcc
refl_op,0.9825581395348837,0.9748062015503876,0.5804022279606105
refl_only,0.9418604651162791,0.8333333333333334,0.7888106377466154
