alternation_class,accuracy,baseline_accuracy,mcc
sl,0.9533527696793003,0.9154518950437318,0.6726859335892971
sl_noloc,0.9591836734693877,0.7900874635568513,0.8783228359900971
sl_nowith,0.9620991253644315,0.8338192419825073,0.8587453381448841
