alternation_class,accuracy,baseline_accuracy,mcc
there,0.9463087248322147,0.6644295302013423,0.8811676548134445
non_there,0.9463087248322147,0.6644295302013423,0.8811676548134445
