alternation_class,accuracy,baseline_accuracy,mcc
There,0.9793388429752066,0.7933884297520661,0.9362494629741797
