alternation_class,accuracy,baseline_accuracy,mcc
2object,0.9767441860465116,0.8565891472868217,0.9053442582854347
