alternation_class,accuracy,baseline_accuracy,mcc
dat_both,0.9796380090497737,0.9072398190045249,0.8756750452164337
dative_to,0.9909502262443439,0.9457013574660633,0.9092363605445822
dat_do,0.995475113122172,0.9253393665158371,0.9668622856168436
