alternation_class,accuracy,baseline_accuracy,mcc
inch,0.9354838709677419,0.5887096774193549,0.8667741069030351
non_inch,0.9354838709677419,0.5887096774193549,0.8667741069030351
