alternation_class,accuracy,baseline_accuracy,mcc
locative,0.9475218658892128,0.749271137026239,0.8603293819563841
