alternation_class,accuracy,baseline_accuracy,mcc
Non-Refl,0.9883268482490273,0.9785992217898832,0.6785784967609118
