alternation_class,accuracy,baseline_accuracy,mcc
preposition,0.9819004524886877,0.8529411764705882,0.9270757444956038
