alternation_class,accuracy,baseline_accuracy,mcc
refl_op,0.9806201550387597,0.9748062015503876,0.6054442575317327
refl_only,0.939922480620155,0.8333333333333334,0.7827295087237617
