alternation_class,accuracy,baseline_accuracy,mcc
Refl,0.9642147117296223,0.8330019880715706,0.8692504942615598
