alternation_class,accuracy,baseline_accuracy,mcc
sl,0.9475218658892128,0.9154518950437318,0.6307881171336717
sl_noloc,0.9737609329446064,0.7900874635568513,0.9205252989748779
sl_nowith,0.9650145772594753,0.8338192419825073,0.8737578211262422
