alternation_class,accuracy,baseline_accuracy,mcc
there,0.9798657718120806,0.6644295302013423,0.9547331126705526
non_there,0.9798657718120806,0.6644295302013423,0.9547331126705526
