alternation_class,accuracy,baseline_accuracy,mcc
There,0.9917355371900827,0.7933884297520661,0.9747323185282744
