alternation_class,accuracy,baseline_accuracy,mcc
with,0.9620991253644315,0.7055393586005831,0.9090686546404496
