alternation_class,accuracy,baseline_accuracy,mcc
locative,0.9533527696793003,0.749271137026239,0.8749873275864948
