alternation_class,accuracy,baseline_accuracy,mcc
Non-Refl,0.9824902723735408,0.9785992217898832,0.5244464984721605
