alternation_class,accuracy,baseline_accuracy,mcc
preposition,0.9796380090497737,0.8529411764705882,0.9171597037200998
