alternation_class,accuracy,baseline_accuracy,mcc
refl_op,0.9825581395348837,0.9748062015503876,0.6316080839351181
refl_only,0.939922480620155,0.8333333333333334,0.7774335096072261
