alternation_class,accuracy,baseline_accuracy,mcc
Refl,0.974155069582505,0.8330019880715706,0.9049941297397848
