alternation_class,accuracy,baseline_accuracy,mcc
sl,0.9533527696793003,0.9154518950437318,0.6594016031198123
sl_noloc,0.9766763848396501,0.7900874635568513,0.9296842968429684
sl_nowith,0.967930029154519,0.8338192419825073,0.8893531247879488
