alternation_class,accuracy,baseline_accuracy,mcc
with,0.956268221574344,0.7055393586005831,0.8950754513670272
