alternation_class,accuracy,baseline_accuracy,mcc
2object,0.9127906976744186,0.8565891472868217,0.6142954689407573
