alternation_class,accuracy,baseline_accuracy,mcc
dat_both,0.9276018099547512,0.9072398190045249,0.5229650102374174
dative_to,0.9638009049773756,0.9457013574660633,0.5743038137536135
dat_do,0.9411764705882353,0.9253393665158371,0.4696831726012851
