alternation_class,accuracy,baseline_accuracy,mcc
inch,0.8467741935483871,0.5887096774193549,0.6830906851625034
non_inch,0.8467741935483871,0.5887096774193549,0.6830906851625034
