alternation_class,accuracy,baseline_accuracy,mcc
locative,0.8338192419825073,0.749271137026239,0.5246802027856645
