alternation_class,accuracy,baseline_accuracy,mcc
preposition,0.9253393665158371,0.8529411764705882,0.7005093671550682
