alternation_class,accuracy,baseline_accuracy,mcc
Refl,0.8667992047713717,0.8330019880715706,0.4662703102021543
