alternation_class,accuracy,baseline_accuracy,mcc
refl_op,0.9844961240310077,0.9748062015503876,0.6152999339598494
refl_only,0.8643410852713178,0.8333333333333334,0.4670993664969138
