alternation_class,accuracy,baseline_accuracy,mcc
sl,0.9358600583090378,0.9154518950437318,0.47999518227040217
sl_noloc,0.8746355685131195,0.7900874635568513,0.6027631681002529
sl_nowith,0.8775510204081632,0.8338192419825073,0.5062438062452046
