alternation_class,accuracy,baseline_accuracy,mcc
There,0.8760330578512396,0.7933884297520661,0.5932773701446032
