alternation_class,accuracy,baseline_accuracy,mcc
there,0.7785234899328859,0.6644295302013423,0.4921976487400078
non_there,0.7785234899328859,0.6644295302013423,0.4921976487400078
