alternation_class,accuracy,baseline_accuracy,mcc
with,0.8483965014577259,0.7055393586005831,0.6330822828019246
