alternation_class,accuracy,baseline_accuracy,mcc
2object,0.9689922480620154,0.8565891472868217,0.8713410630344463
