alternation_class,accuracy,baseline_accuracy,mcc
inch,0.9193548387096774,0.5887096774193549,0.833467633628794
non_inch,0.9193548387096774,0.5887096774193549,0.833467633628794
