alternation_class,accuracy,baseline_accuracy,mcc
preposition,0.9728506787330317,0.8529411764705882,0.8888871954640991
