alternation_class,accuracy,baseline_accuracy,mcc
refl_op,0.9844961240310077,0.9748062015503876,0.622559545613323
refl_only,0.9515503875968992,0.8333333333333334,0.8197232929212556
