alternation_class,accuracy,baseline_accuracy,mcc
sl,0.924198250728863,0.9154518950437318,0.446924702455259
sl_noloc,0.9387755102040817,0.7900874635568513,0.8184785455231814
sl_nowith,0.9650145772594753,0.8338192419825073,0.8697067373669057
