alternation_class,accuracy,baseline_accuracy,mcc
There,0.9752066115702479,0.7933884297520661,0.9235419493694543
