alternation_class,accuracy,baseline_accuracy,mcc
there,0.9395973154362416,0.6644295302013423,0.8639705219934499
non_there,0.9395973154362416,0.6644295302013423,0.8639705219934499
