alternation_class,accuracy,baseline_accuracy,mcc
with,0.9504373177842566,0.7055393586005831,0.8798748153551972
