alternation_class,accuracy,baseline_accuracy,mcc
2object,0.9515503875968992,0.8565891472868217,0.7945083582586517
