alternation_class,accuracy,baseline_accuracy,mcc
dat_both,0.9660633484162896,0.9072398190045249,0.7834176242847202
dative_to,0.9796380090497737,0.9457013574660633,0.7912767210475381
dat_do,0.995475113122172,0.9253393665158371,0.9672519819219085
