alternation_class,accuracy,baseline_accuracy,mcc
inch,0.8870967741935484,0.5887096774193549,0.765898792281794
non_inch,0.8870967741935484,0.5887096774193549,0.765898792281794
