alternation_class,accuracy,baseline_accuracy,mcc
inchoative,0.9032258064516129,0.663594470046083,0.7840187286192708
