alternation_class,accuracy,baseline_accuracy,mcc
locative,0.9067055393586005,0.749271137026239,0.7516966790335716
