alternation_class,accuracy,baseline_accuracy,mcc
preposition,0.9705882352941176,0.8529411764705882,0.8789456507312283
