alternation_class,accuracy,baseline_accuracy,mcc
sl,0.9446064139941691,0.9154518950437318,0.5787874331783307
sl_noloc,0.9358600583090378,0.7900874635568513,0.8109787573634228
sl_nowith,0.9504373177842566,0.8338192419825073,0.8158608789757027
