alternation_class,accuracy,baseline_accuracy,mcc
There,0.9586776859504132,0.7933884297520661,0.8712926117082546
