alternation_class,accuracy,baseline_accuracy,mcc
there,0.8993288590604027,0.6644295302013423,0.7783162325202139
non_there,0.8993288590604027,0.6644295302013423,0.7783162325202139
