alternation_class,accuracy,baseline_accuracy,mcc
with,0.9300291545189504,0.7055393586005831,0.8307070063288596
