alternation_class,accuracy,baseline_accuracy,mcc
2object,0.9748062015503876,0.8565891472868217,0.8980575434688476
