alternation_class,accuracy,baseline_accuracy,mcc
inchoative,0.9354838709677419,0.663594470046083,0.8554984779299848
