alternation_class,accuracy,baseline_accuracy,mcc
locative,0.9329446064139941,0.749271137026239,0.8208638208573711
