alternation_class,accuracy,baseline_accuracy,mcc
Non-Refl,0.9863813229571985,0.9785992217898832,0.633054677446653
