alternation_class,accuracy,baseline_accuracy,mcc
preposition,0.9841628959276018,0.8529411764705882,0.935997004714301
