alternation_class,accuracy,baseline_accuracy,mcc
Refl,0.9721669980119284,0.8330019880715706,0.8990924764034787
