alternation_class,accuracy,baseline_accuracy,mcc
refl_op,0.9883720930232558,0.9748062015503876,0.7342970085048186
refl_only,0.9496124031007752,0.8333333333333334,0.8154956512722891
