alternation_class,accuracy,baseline_accuracy,mcc
sl,0.9504373177842566,0.9154518950437318,0.6560806702275567
sl_noloc,0.9650145772594753,0.7900874635568513,0.8945264452644527
sl_nowith,0.9620991253644315,0.8338192419825073,0.8607413348695393
