alternation_class,accuracy,baseline_accuracy,mcc
There,0.987603305785124,0.7933884297520661,0.9620490951809381
