alternation_class,accuracy,baseline_accuracy,mcc
with,0.9650145772594753,0.7055393586005831,0.9158006709761886
