alternation_class,accuracy,baseline_accuracy,mcc
2object,0.9728682170542635,0.8565891472868217,0.8909053704862798
