alternation_class,accuracy,baseline_accuracy,mcc
inchoative,0.9262672811059908,0.663594470046083,0.8339125255676573
