alternation_class,accuracy,baseline_accuracy,mcc
locative,0.9708454810495627,0.749271137026239,0.9231104090877235
