alternation_class,accuracy,baseline_accuracy,mcc
Non-Refl,0.9785992217898832,0.9785992217898832,0.46584292473806793
