alternation_class,accuracy,baseline_accuracy,mcc
preposition,0.9773755656108597,0.8529411764705882,0.9076703928822342
