alternation_class,accuracy,baseline_accuracy,mcc
refl_op,0.9806201550387597,0.9748062015503876,0.5156574738873748
refl_only,0.9282945736434108,0.8333333333333334,0.7383739070421088
