alternation_class,accuracy,baseline_accuracy,mcc
Refl,0.9602385685884692,0.8330019880715706,0.8570860325036936
