alternation_class,accuracy,baseline_accuracy,mcc
sl,0.9650145772594753,0.9154518950437318,0.7564815665005478
sl_noloc,0.9795918367346939,0.7900874635568513,0.9378542020077013
sl_nowith,0.9737609329446064,0.8338192419825073,0.9097059485004032
