alternation_class,accuracy,baseline_accuracy,mcc
There,0.9958677685950413,0.7933884297520661,0.9873815269655121
