alternation_class,accuracy,baseline_accuracy,mcc
there,0.9932885906040269,0.6644295302013423,0.9849873095629202
non_there,0.9932885906040269,0.6644295302013423,0.9849873095629202
