alternation_class,accuracy,baseline_accuracy,mcc
with,0.9737609329446064,0.7055393586005831,0.9370550611872948
